{"cameraMode":{"drawMode":0,"name":"Shaded","section":"Shading Mode"},"sceneLighting":false,"audioPlay":false,"sceneViewState":{"m_AlwaysRefresh":false,"showFog":true,"showSkybox":false,"showFlares":true,"showImageEffects":true,"showParticleSystems":true,"showVisualEffectGraphs":true,"m_FxEnabled":true},"in2DMode":false,"pivot":{"x":-2.0199999809265138,"y":0.9789999723434448,"z":-0.06999999284744263},"rotation":{"x":0.8050150871276856,"y":0.024868953973054887,"z":-0.033830512315034869,"w":0.5917690992355347},"size":0.45276939868927,"orthographic":false}