{"cameraMode":{"drawMode":0,"name":"Shaded","section":"Shading Mode"},"sceneLighting":false,"audioPlay":false,"sceneViewState":{"m_AlwaysRefresh":false,"showFog":true,"showSkybox":false,"showFlares":true,"showImageEffects":true,"showParticleSystems":true,"showVisualEffectGraphs":true,"m_FxEnabled":true},"in2DMode":false,"pivot":{"x":20.151588439941408,"y":0.6860701441764832,"z":0.4791359305381775},"rotation":{"x":0.725476086139679,"y":0.024755869060754777,"z":-0.026124825701117517,"w":0.6873207092285156},"size":3.8013765811920168,"orthographic":true}